{
  "bothData":
  }[ {
    "Trait": "Price",
    "Type": "Average User",
    "Rating": "3.551",
  },
  {
    "Trait": "Privacy",
    "Type": "Average User",
    "Rating": "5.237",
  },
  {
    "Trait": "Price",
    "Type": "Luddite",
    "Rating": "3.740",
  },
  {
    "Trait": "Privacy",
    "Type": "Luddite",
    "Rating": "5.575",
  },
  {
    "Trait": "Price",
    "Type": "Technically Savvy",
    "Rating": "3.601",
  },
  {
    "Trait": "Privacy",
    "Type": "Technically Savvy",
    "Rating": "5.391",
  },
  {
    "Trait": "Price",
    "Type": "Ultra Nerd",
    "Rating": "3.682",
  },
  {
    "Trait": "Privacy",
    "Type": "Ultra Nerd",
    "Rating": "5.280",
  }
]
}
